"Event Name","PromotionType","MarketeerName","Promotion Profit"
msi-2016,Sales Promotion,Divape,35106.00
msi-2016,Sponsorships,Vinte,22855.00
msi-2016,General Advertising,Leexo,18660.00
msi-2016,Direct Marketing,Trilia,27241.00
msi-2016,General Advertising,Feednation,32358.00
msi-2016,Sales Promotion,Babbleopia,7851.00
msi-2016,Public Relations,Bluezoom,6980.00
msi-2016,Sales Promotion,Gigashots,20620.00
msi-2016,Direct Marketing,Gabspot,24196.00
msi-2016,Sponsorships,Dabfeed,16597.00
msi-2016,Public Relations,Wikizz,25901.00
msi-2016,Public Relations,Browsecat,29326.00
msi-2016,Digital Promotions,Brainbox,28830.00
msi-2016,Sales Promotion,Avamba,21787.00
msi-2016,Digital Promotions,Skyndu,5731.00
msi-2016,Digital Promotions,Vinte,32499.00
msi-2016,General Advertising,Dabfeed,-2674.00
msi-2016,Public Relations,Bluezoom,34555.00
msi-2016,Sales Promotion,Zooxo,31348.00
msi-2016,Public Relations,Feedbug,35474.00
msi-2016,Direct Marketing,Aimbo,35683.00
msi-2016,Public Relations,Wikizz,35927.00
msi-2016,Sales Promotion,Babbleopia,21398.00
msi-2016,Digital Promotions,Linkbridge,10040.00
msi-2016,Sponsorships,Vinte,469.00
msi-2016,Sales Promotion,Divape,38394.00
msi-2016,General Advertising,Brainbox,12586.00
msi-2016,Public Relations,Zoomdog,10867.00
msi-2016,Direct Marketing,Mynte,19980.00
msi-2016,Digital Promotions,Bluezoom,12426.00
msi-2016,Direct Marketing,Shufflebeat,10370.00
msi-2016,Direct Marketing,Wikizz,5312.00
msi-2016,Sales Promotion,Zooxo,20209.00
msi-2016,General Advertising,Avaveo,39108.00
msi-2016,Digital Promotions,Vinte,29143.00
msi-2016,Public Relations,Bluezoom,18861.00
msi-2016,Sales Promotion,Wikizz,9772.00
msi-2016,General Advertising,Podcat,2781.00
msi-2016,Direct Marketing,Shufflebeat,14078.00
msi-2016,Sales Promotion,Dabfeed,13376.00
msi-2016,Digital Promotions,Bluezoom,19434.00
msi-2016,Digital Promotions,Jaxworks,30312.00
msi-2016,General Advertising,Gigashots,21584.00
msi-2016,Public Relations,Divavu,7819.00
msi-2016,General Advertising,Aimbo,21440.00
msi-2016,Direct Marketing,Skyndu,26927.00
msi-2016,Public Relations,Shufflebeat,15252.00
msi-2016,Sales Promotion,Mynte,5091.00
msi-2016,Direct Marketing,Mynte,5638.00
msi-2016,Direct Marketing,Shufflebeat,19065.00
msi-2016,Direct Marketing,Wikizz,5278.00
msi-2016,Public Relations,Divavu,25416.00
msi-2016,Digital Promotions,Flashset,3716.00
msi-2016,Direct Marketing,Divavu,1492.00
msi-2016,Digital Promotions,Gabspot,11844.00
msi-2016,Sales Promotion,Zooxo,5716.00
msi-2016,Public Relations,Linkbridge,33907.00
msi-2016,Sponsorships,Wikizz,18912.00
msi-2016,Sales Promotion,Linkbridge,2735.00
msi-2016,Public Relations,Wikizz,19606.00
msi-2016,Digital Promotions,Bluezoom,17095.00
msi-2016,Direct Marketing,Aimbo,20865.00
msi-2016,Sponsorships,Divape,12062.00
msi-2016,Sponsorships,Avaveo,39000.00
msi-2016,Digital Promotions,Gigashots,20324.00
msi-2016,Public Relations,Flashset,10114.00
msi-2016,Direct Marketing,Wikizz,22400.00
msi-2016,Direct Marketing,Brainbox,18053.00
msi-2016,Sales Promotion,Avamba,4023.00
msi-2016,Digital Promotions,Trilia,11119.00
msi-2016,Sales Promotion,Realbuzz,13310.00
msi-2016,Public Relations,Izio,17875.00
msi-2016,Public Relations,Jazzy,15207.00
msi-2016,Direct Marketing,Wikizz,15643.00
msi-2016,Public Relations,Dabfeed,21507.00
msi-2016,Digital Promotions,Skyndu,6386.00
msi-2016,Sponsorships,Babbleopia,11200.00
msi-2016,Sales Promotion,Twinder,13040.00
msi-2016,Public Relations,Linkbridge,32905.00
msi-2016,Direct Marketing,Wikizz,-1823.00
msi-2016,Direct Marketing,Tambee,24281.00
msi-2016,General Advertising,Shufflebeat,-2509.00
msi-2016,Public Relations,Wikizz,11539.00
msi-2016,Sales Promotion,Shufflebeat,38791.00
msi-2016,Sales Promotion,Mynte,34837.00
msi-2016,Sponsorships,Feedbug,9705.00
msi-2016,Sponsorships,Divape,10424.00
msi-2016,Sales Promotion,Tagcat,23618.00
msi-2016,Sponsorships,Trudeo,5994.00
msi-2016,Public Relations,Wikizz,30108.00
msi-2016,General Advertising,Mynte,16191.00
msi-2016,Sponsorships,Zooxo,16799.00
msi-2016,Sponsorships,Avaveo,18032.00
msi-2016,Sponsorships,Avaveo,3150.00
msi-2016,General Advertising,Shufflebeat,34032.00
msi-2016,Public Relations,Divavu,28496.00
msi-2016,Sponsorships,Wikizz,15525.00
msi-2016,Direct Marketing,Wikizz,1445.00
msi-2016,Digital Promotions,Vinte,33943.00
msi-2017,Public Relations,Podcat,2647.00
msi-2017,General Advertising,Brainbox,2387.00
msi-2017,Sponsorships,Flashset,29830.00
msi-2017,Digital Promotions,Leexo,22669.00
msi-2017,Sponsorships,Avamba,27097.00
msi-2017,Sponsorships,Tagcat,12205.00
msi-2017,Sponsorships,Wikizz,29383.00
msi-2017,Sales Promotion,Izio,24772.00
msi-2017,Public Relations,Feedbug,6212.00
msi-2017,Direct Marketing,Wikizz,21987.00
msi-2017,Sales Promotion,Tagcat,19807.00
msi-2017,Public Relations,Feedbug,26924.00
msi-2017,Public Relations,Wikizz,22823.00
msi-2017,General Advertising,Shufflebeat,34792.00
msi-2017,Public Relations,Browsecat,3040.00
msi-2017,Digital Promotions,Linkbridge,36192.00
msi-2017,Digital Promotions,Divape,-1418.00
msi-2017,Sales Promotion,Realbuzz,10741.00
msi-2017,Sales Promotion,Dabfeed,32945.00
msi-2017,Public Relations,Divape,15705.00
msi-2017,Digital Promotions,Wikizz,12189.00
msi-2017,Public Relations,Babbleopia,15905.00
msi-2017,Sales Promotion,Gigashots,22542.00
msi-2017,Sales Promotion,Divape,37978.00
msi-2017,Sales Promotion,Zooxo,34583.00
msi-2017,Digital Promotions,Gabspot,-3464.00
msi-2017,Direct Marketing,Podcat,34578.00
msi-2017,Direct Marketing,Shufflebeat,28780.00
msi-2017,Direct Marketing,Divavu,-1967.00
msi-2017,General Advertising,Shufflebeat,27815.00
msi-2017,Direct Marketing,Aimbo,36065.00
msi-2017,Direct Marketing,Brainbox,23416.00
msi-2017,Sponsorships,Tambee,22234.00
msi-2017,Direct Marketing,Gabspot,13822.00
msi-2017,Direct Marketing,Wikizz,21080.00
msi-2017,Direct Marketing,Browsecat,1989.00
msi-2017,Public Relations,Rhyzio,29131.00
msi-2017,General Advertising,Feednation,22268.00
msi-2017,Public Relations,Divape,1867.00
msi-2017,Public Relations,Shufflebeat,2074.00
msi-2017,Public Relations,Feedbug,34575.00
msi-2017,Public Relations,Linkbridge,19571.00
msi-2017,Direct Marketing,Leexo,9978.00
msi-2017,Digital Promotions,Babbleopia,7242.00
msi-2017,Public Relations,Izio,22426.00
msi-2017,Public Relations,Wikizz,29033.00
msi-2017,Direct Marketing,Mynte,28315.00
msi-2017,Digital Promotions,Wikizz,12021.00
msi-2017,Public Relations,Feednation,562.00
msi-2017,Sponsorships,Vinte,26690.00
msi-2017,Public Relations,Feednation,15420.00
msi-2017,Digital Promotions,Gabspot,32416.00
msi-2017,Sales Promotion,Mynte,14105.00
msi-2017,Digital Promotions,Divavu,6847.00
msi-2017,Sponsorships,Podcat,2082.00
msi-2017,Sales Promotion,Gabspot,5805.00
msi-2017,Public Relations,Rhyzio,9777.00
msi-2017,Digital Promotions,Gabspot,30519.00
msi-2017,Direct Marketing,Shufflebeat,4746.00
msi-2017,Sponsorships,Tambee,37393.00
msi-2017,Direct Marketing,Tambee,13952.00
msi-2017,Direct Marketing,Izio,22844.00
msi-2017,Sponsorships,Dabfeed,11920.00
msi-2017,Sponsorships,Tambee,3685.00
msi-2017,Direct Marketing,Shufflebeat,18052.00
msi-2017,Digital Promotions,Babbleopia,-341.00
msi-2017,General Advertising,Shufflebeat,31366.00
msi-2017,General Advertising,Shufflebeat,21251.00
msi-2017,Sales Promotion,Divape,20425.00
msi-2017,Public Relations,Rhyzio,35807.00
msi-2017,Public Relations,Babbleopia,24058.00
msi-2017,Public Relations,Wikizz,-115.00
msi-2017,Direct Marketing,Podcat,24348.00
msi-2017,Public Relations,Divavu,20641.00
msi-2017,Sponsorships,Flashset,5275.00
msi-2017,Sponsorships,Avamba,12849.00
msi-2017,Public Relations,Divavu,35893.00
msi-2017,Digital Promotions,Brainbox,30913.00
msi-2017,Sales Promotion,Wikizz,3840.00
msi-2017,Sales Promotion,Linkbridge,-3825.00
msi-2017,Direct Marketing,Aimbo,34917.00
msi-2017,Sales Promotion,Gabspot,21427.00
msi-2017,Sales Promotion,Gabspot,13567.00
msi-2017,Sponsorships,Bluezoom,38085.00
msi-2017,Public Relations,Linkbridge,28782.00
msi-2017,Direct Marketing,Linkbridge,27424.00
msi-2017,Digital Promotions,Babbleopia,10898.00
msi-2017,Direct Marketing,Avamba,174.00
msi-2017,Public Relations,Feednation,9029.00
msi-2017,Direct Marketing,Divape,22558.00
msi-2017,Digital Promotions,Babbleopia,32105.00
msi-2017,Digital Promotions,Gabspot,8391.00
msi-2017,Public Relations,Divavu,21719.00
msi-2017,Direct Marketing,Shufflebeat,1874.00
msi-2017,Digital Promotions,Zooxo,14385.00
msi-2018,Public Relations,Rhyzio,-59.00
msi-2018,Sales Promotion,Dabfeed,19886.00
msi-2018,Direct Marketing,Feednation,19001.00
msi-2018,Direct Marketing,Wikizz,35991.00
msi-2018,Sales Promotion,Linkbridge,18089.00
msi-2018,Public Relations,Wikizz,19897.00
msi-2018,Sales Promotion,Vinte,1166.00
msi-2018,Sales Promotion,Wikizz,17480.00
msi-2018,Sponsorships,Avaveo,37154.00
msi-2018,Direct Marketing,Dabfeed,32527.00
msi-2018,Direct Marketing,Divavu,12030.00
msi-2018,Sponsorships,Avamba,10018.00
msi-2018,Sales Promotion,Divape,29827.00
msi-2018,Digital Promotions,Trilia,18229.00
msi-2018,Sales Promotion,Realbuzz,37200.00
msi-2018,Direct Marketing,Tambee,34068.00
msi-2018,Public Relations,Wikizz,13573.00
msi-2018,Sales Promotion,Linkbridge,23208.00
msi-2018,Digital Promotions,Jaxworks,13093.00
msi-2018,Digital Promotions,Flashset,18483.00
msi-2018,Digital Promotions,Dabfeed,34198.00
msi-2018,Sponsorships,Tagcat,16186.00
msi-2018,General Advertising,Gigashots,40034.00
msi-2018,Direct Marketing,Mynte,27595.00
msi-2018,Direct Marketing,Browsecat,28333.00
msi-2018,General Advertising,Leexo,21268.00
msi-2018,Sales Promotion,Mynte,13912.00
msi-2018,Direct Marketing,Tambee,2794.00
msi-2018,Digital Promotions,Dabfeed,30389.00
msi-2018,Public Relations,Shufflebeat,34419.00
msi-2018,Digital Promotions,Gigashots,36886.00
msi-2018,Direct Marketing,Mynte,22694.00
msi-2018,Sales Promotion,Shufflebeat,15870.00
msi-2018,Public Relations,Feedbug,25055.00
msi-2018,Public Relations,Flashset,18565.00
msi-2018,Sales Promotion,Gabspot,32203.00
msi-2018,General Advertising,Wikizz,24772.00
msi-2018,Direct Marketing,Rhyzio,3260.00
msi-2018,Sales Promotion,Zooxo,8492.00
msi-2018,Direct Marketing,Feednation,12270.00
msi-2018,Public Relations,Rhyzio,39340.00
msi-2018,Public Relations,Browsecat,23314.00
msi-2018,Direct Marketing,Mynte,33091.00
msi-2018,Sales Promotion,Tambee,4375.00
msi-2018,Sponsorships,Divape,14717.00
msi-2018,Direct Marketing,Mynte,31626.00
msi-2018,Direct Marketing,Tambee,23654.00
msi-2018,Direct Marketing,Wikizz,35654.00
msi-2018,Sales Promotion,Realbuzz,33540.00
msi-2018,Sponsorships,Tagcat,39006.00
msi-2018,Direct Marketing,Aimbo,12470.00
msi-2018,Sponsorships,Wikizz,23848.00
msi-2018,Digital Promotions,Babbleopia,14357.00
msi-2018,General Advertising,Aimbo,10434.00
msi-2018,Digital Promotions,Gabspot,34177.00
msi-2018,Direct Marketing,Mynte,11749.00
msi-2018,Digital Promotions,Wikizz,17670.00
msi-2018,Digital Promotions,Linkbridge,36266.00
msi-2018,Sales Promotion,Feedbug,6455.00
msi-2018,Public Relations,Divape,6750.00
msi-2018,Direct Marketing,Wikizz,15352.00
msi-2018,General Advertising,Feednation,30277.00
msi-2018,Direct Marketing,Avaveo,10167.00
msi-2018,General Advertising,Shufflebeat,3809.00
msi-2018,Direct Marketing,Brainbox,33749.00
msi-2018,Public Relations,Bluezoom,36530.00
msi-2018,Digital Promotions,Jaxworks,20592.00
msi-2018,General Advertising,Mynte,41313.00
msi-2018,Public Relations,Podcat,28571.00
msi-2018,General Advertising,Brainbox,35900.00
msi-2018,General Advertising,Podcat,9764.00
msi-2018,Sponsorships,Trilia,37896.00
msi-2018,Sales Promotion,Izio,11637.00
msi-2018,Digital Promotions,Trilia,13403.00
msi-2018,Sponsorships,Realbuzz,2090.00
msi-2018,Public Relations,Linkbridge,6049.00
msi-2018,Sales Promotion,Divape,21017.00
msi-2018,General Advertising,Feednation,28375.00
msi-2018,Sales Promotion,Linkbridge,27860.00
msi-2018,Public Relations,Dabfeed,3543.00
msi-2018,Sponsorships,Tambee,29625.00
msi-2018,Digital Promotions,Babbleopia,29948.00
msi-2018,Digital Promotions,Mynte,22885.00
msi-2018,Public Relations,Wikizz,21319.00
msi-2018,Sponsorships,Tagcat,31938.00
msi-2018,Digital Promotions,Mynte,33160.00
msi-2018,Public Relations,Linkbridge,38672.00
msi-2018,Public Relations,Bluezoom,33555.00
msi-2018,Public Relations,Bluezoom,6555.00
msi-2018,General Advertising,Aimbo,28975.00
msi-2018,Public Relations,Shufflebeat,6949.00
msi-2018,Public Relations,Leexo,30271.00
msi-2018,Sales Promotion,Rhyzio,4600.00
msi-2018,Digital Promotions,Trilia,426.00
msi-2018,Digital Promotions,Shufflebeat,2449.00
msi-2018,Direct Marketing,Izio,30314.00
msi-2018,Direct Marketing,Gigashots,18359.00
msi-2018,Sales Promotion,Bluezoom,15072.00
msi-2018,Direct Marketing,Brainbox,26022.00
msi-2018,Public Relations,Flashset,1380.00
msi-2019,Sponsorships,Zooxo,32063.00
msi-2019,Public Relations,Feednation,9452.00
msi-2019,Public Relations,Leexo,22233.00
msi-2019,Sponsorships,Babbleopia,3215.00
msi-2019,Public Relations,Zoomdog,27261.00
msi-2019,Sales Promotion,Twinder,31086.00
msi-2019,Sponsorships,Trilia,22771.00
msi-2019,Sponsorships,Trudeo,10937.00
msi-2019,Sponsorships,Podcat,-3724.00
msi-2019,Direct Marketing,Wikizz,29925.00
msi-2019,Digital Promotions,Browsecat,17537.00
msi-2019,Public Relations,Linkbridge,13872.00
msi-2019,Public Relations,Browsecat,12727.00
msi-2019,Digital Promotions,Trilia,31135.00
msi-2019,Digital Promotions,Divavu,9937.00
msi-2019,Digital Promotions,Babbleopia,25698.00
msi-2019,General Advertising,Shufflebeat,35382.00
msi-2019,Sales Promotion,Mynte,13846.00
msi-2019,Sponsorships,Rhyzio,13396.00
msi-2019,General Advertising,Shufflebeat,19699.00
msi-2019,Direct Marketing,Gigashots,13453.00
msi-2019,General Advertising,Wikizz,7657.00
msi-2019,Direct Marketing,Mynte,33238.00
msi-2019,Direct Marketing,Izio,26778.00
msi-2019,Sales Promotion,Rhyzio,26780.00
msi-2019,Digital Promotions,Brainbox,27759.00
msi-2019,Digital Promotions,Babbleopia,388.00
msi-2019,Sales Promotion,Divavu,5217.00
msi-2019,Digital Promotions,Flashset,32562.00
msi-2019,Digital Promotions,Mynte,31696.00
msi-2019,Sponsorships,Dabfeed,9134.00
msi-2019,Public Relations,Wikizz,33854.00
msi-2019,Sales Promotion,Rhyzio,25293.00
msi-2019,Digital Promotions,Linkbridge,22875.00
msi-2019,Sales Promotion,Rhyzio,35024.00
msi-2019,Public Relations,Izio,35187.00
msi-2019,General Advertising,Shufflebeat,6501.00
msi-2019,Public Relations,Jazzy,-12.00
msi-2019,Sponsorships,Skyndu,21119.00
msi-2019,Sales Promotion,Gigashots,5233.00
msi-2019,Direct Marketing,Tambee,13204.00
msi-2019,Public Relations,Wikizz,16130.00
msi-2019,Digital Promotions,Trilia,824.00
msi-2019,Sponsorships,Mynte,22716.00
msi-2019,Digital Promotions,Babbleopia,17750.00
msi-2019,Digital Promotions,Trilia,26894.00
msi-2019,Public Relations,Wikizz,-2791.00
msi-2019,Public Relations,Shufflebeat,-1358.00
msi-2019,General Advertising,Feednation,16656.00
msi-2019,Digital Promotions,Flashset,40732.00
msi-2019,Public Relations,Leexo,13369.00
msi-2019,Sales Promotion,Gabspot,33205.00
msi-2019,Digital Promotions,Zooxo,39856.00
msi-2019,Public Relations,Avamba,21543.00
msi-2019,General Advertising,Shufflebeat,26893.00
msi-2019,Public Relations,Feednation,33166.00
msi-2019,Direct Marketing,Gigashots,6571.00
msi-2019,Direct Marketing,Shufflebeat,8268.00
msi-2019,Sponsorships,Dabfeed,18464.00
msi-2019,Public Relations,Podcat,17551.00
msi-2019,Public Relations,Shufflebeat,28414.00
msi-2019,Direct Marketing,Mynte,21589.00
msi-2019,Public Relations,Wikizz,33658.00
msi-2019,Direct Marketing,Gigashots,25088.00
msi-2019,Digital Promotions,Zoomdog,398.00
msi-2019,Digital Promotions,Jaxworks,33004.00
msi-2019,Sponsorships,Tambee,-2544.00
msi-2019,Sales Promotion,Gigashots,17513.00
msi-2019,Digital Promotions,Trilia,29089.00
msi-2019,Public Relations,Feednation,22550.00
msi-2019,Digital Promotions,Dabfeed,35674.00
msi-2019,Direct Marketing,Skyndu,-2038.00
msi-2019,Sales Promotion,Tagcat,-1304.00
msi-2019,General Advertising,Wikizz,18384.00
msi-2019,Sponsorships,Dabfeed,-532.00
msi-2019,Direct Marketing,Shufflebeat,17448.00
msi-2019,Sales Promotion,Divape,19753.00
msi-2019,Public Relations,Feednation,16081.00
msi-2019,Sales Promotion,Linkbridge,36755.00
msi-2019,Public Relations,Wikizz,15582.00
msi-2019,Direct Marketing,Trilia,22873.00
msi-2019,Direct Marketing,Mynte,33127.00
msi-2019,Direct Marketing,Divavu,21854.00
msi-2019,Digital Promotions,Linkbridge,25837.00
msi-2021,Public Relations,Linkbridge,22161.00
msi-2021,Sales Promotion,Mynte,30475.00
msi-2021,Direct Marketing,Linkbridge,16006.00
msi-2021,General Advertising,Wikizz,34840.00
msi-2021,Public Relations,Linkbridge,-758.00
msi-2021,Sponsorships,Rhyzio,4838.00
msi-2021,Public Relations,Babbleopia,25781.00
msi-2021,Public Relations,Browsecat,29059.00
msi-2021,Sales Promotion,Bluezoom,11811.00
msi-2021,Direct Marketing,Izio,14047.00
msi-2021,Direct Marketing,Rhyzio,7133.00
msi-2021,General Advertising,Feednation,12889.00
msi-2021,Public Relations,Shufflebeat,18933.00
msi-2021,Public Relations,Feedbug,37028.00
msi-2021,Public Relations,Mynte,9235.00
msi-2021,Digital Promotions,Trilia,4504.00
msi-2021,General Advertising,Shufflebeat,28561.00
msi-2021,Digital Promotions,Babbleopia,9765.00
msi-2021,Public Relations,Feedbug,10378.00
msi-2021,Direct Marketing,Wikizz,4277.00
msi-2021,Sales Promotion,Zooxo,15399.00
msi-2021,Sponsorships,Bluezoom,14218.00
msi-2021,Sponsorships,Podcat,24520.00
msi-2021,Sponsorships,Dabfeed,20539.00
msi-2021,Digital Promotions,Trilia,18982.00
msi-2021,Direct Marketing,Divape,17882.00
msi-2021,Sponsorships,Tagcat,20644.00
msi-2021,Direct Marketing,Gigashots,11430.00
msi-2021,Sales Promotion,Divape,3618.00
msi-2021,Digital Promotions,Babbleopia,34562.00
msi-2021,Sales Promotion,Gabspot,5093.00
msi-2021,Public Relations,Feednation,24831.00
msi-2021,General Advertising,Shufflebeat,6201.00
msi-2021,Direct Marketing,Aimbo,12831.00
msi-2021,Direct Marketing,Skyndu,36819.00
msi-2021,Digital Promotions,Shufflebeat,6859.00
msi-2021,Public Relations,Dabfeed,35862.00
msi-2021,Direct Marketing,Avamba,-1627.00
msi-2021,Sales Promotion,Divape,21299.00
msi-2021,Public Relations,Feednation,25423.00
msi-2021,Sales Promotion,Zooxo,38209.00
msi-2021,General Advertising,Aimbo,2066.00
msi-2021,Public Relations,Linkbridge,30150.00
msi-2021,Public Relations,Wikizz,31998.00
msi-2021,Sales Promotion,Realbuzz,26781.00
msi-2021,Sponsorships,Wikizz,5987.00
msi-2021,General Advertising,Wikizz,7903.00
msi-2021,General Advertising,Gigashots,24164.00
msi-2021,General Advertising,Wikizz,37030.00
msi-2021,Digital Promotions,Gabspot,-1118.00
msi-2021,Digital Promotions,Linkbridge,11429.00
msi-2021,Direct Marketing,Dabfeed,5823.00
msi-2021,General Advertising,Brainbox,35091.00
msi-2021,Direct Marketing,Tambee,18867.00
msi-2021,Sponsorships,Zooxo,12743.00
msi-2021,Direct Marketing,Skyndu,-1987.00
msi-2021,General Advertising,Podcat,5666.00
msi-2021,Digital Promotions,Vinte,31596.00
msi-2021,Public Relations,Avamba,32895.00
msi-2021,General Advertising,Zooxo,31987.00
msi-2021,Sponsorships,Wikizz,30900.00
msi-2021,Direct Marketing,Trilia,6988.00
msi-2021,Public Relations,Leexo,13034.00
msi-2021,Public Relations,Leexo,9199.00
msi-2021,Digital Promotions,Gabspot,2227.00
msi-2021,Sponsorships,Avamba,15118.00
msi-2021,Digital Promotions,Shufflebeat,11571.00
msi-2021,Public Relations,Jazzy,22692.00
msi-2021,Public Relations,Wikizz,17284.00
msi-2021,Digital Promotions,Babbleopia,4610.00
msi-2021,Sales Promotion,Tagcat,7947.00
msi-2021,General Advertising,Jazzy,35545.00
msi-2021,Sales Promotion,Izio,5566.00
msi-2021,General Advertising,Shufflebeat,150.00
msi-2021,Sponsorships,Bluezoom,36535.00
msi-2021,General Advertising,Gigashots,6484.00
msi-2021,Sponsorships,Wikizz,32615.00
msi-2021,General Advertising,Leexo,33468.00
msi-2021,Sponsorships,Skyndu,17543.00
msi-2021,Public Relations,Wikizz,31928.00
msi-2021,General Advertising,Podcat,15426.00
msi-2021,Sales Promotion,Tagcat,6255.00
msi-2021,General Advertising,Shufflebeat,11746.00
msi-2021,Sales Promotion,Divavu,12043.00
msi-2021,General Advertising,Divavu,18138.00
msi-2021,General Advertising,Shufflebeat,32500.00
msi-2021,Direct Marketing,Tambee,19452.00
msi-2021,Public Relations,Babbleopia,23386.00
msi-2021,Direct Marketing,Shufflebeat,5069.00
msi-2021,Sponsorships,Wikizz,21734.00
msi-2021,Sales Promotion,Tagcat,817.00
msi-2021,Sponsorships,Avaveo,31752.00
msi-2021,Sales Promotion,Divape,11100.00
msi-2021,Direct Marketing,Leexo,16496.00
msi-2021,Sponsorships,Tagcat,3289.00
msi-2021,Direct Marketing,Skyndu,22990.00
msi-2021,Direct Marketing,Aimbo,15951.00
Worlds-2016,Digital Promotions,Brainbox,35722.00
Worlds-2016,Digital Promotions,Divavu,37292.00
Worlds-2016,Direct Marketing,Wikizz,7019.00
Worlds-2016,Sponsorships,Flashset,15918.00
Worlds-2016,Digital Promotions,Trilia,16636.00
Worlds-2016,Sponsorships,Feedbug,41023.00
Worlds-2016,Sponsorships,Feedbug,1685.00
Worlds-2016,Public Relations,Shufflebeat,17582.00
Worlds-2016,Sponsorships,Bluezoom,14112.00
Worlds-2016,Sales Promotion,Realbuzz,22579.00
Worlds-2016,Sponsorships,Trudeo,6864.00
Worlds-2016,Direct Marketing,Leexo,3391.00
Worlds-2016,Direct Marketing,Divavu,-904.00
Worlds-2016,Direct Marketing,Rhyzio,10415.00
Worlds-2016,Public Relations,Shufflebeat,29771.00
Worlds-2016,Sponsorships,Dabfeed,7423.00
Worlds-2016,Direct Marketing,Divape,38424.00
Worlds-2016,General Advertising,Jazzy,37374.00
Worlds-2016,Digital Promotions,Bluezoom,6.00
Worlds-2016,Sales Promotion,Gigashots,21061.00
Worlds-2016,Sales Promotion,Feedbug,1799.00
Worlds-2016,Direct Marketing,Aimbo,22179.00
Worlds-2016,Digital Promotions,Leexo,3492.00
Worlds-2016,Digital Promotions,Linkbridge,9811.00
Worlds-2016,Sales Promotion,Tagcat,30260.00
Worlds-2016,Public Relations,Dabfeed,35395.00
Worlds-2016,Direct Marketing,Shufflebeat,31945.00
Worlds-2016,General Advertising,Bluezoom,30209.00
Worlds-2016,Sponsorships,Trilia,15791.00
Worlds-2016,Public Relations,Divavu,40094.00
Worlds-2016,Direct Marketing,Tambee,1475.00
Worlds-2016,General Advertising,Leexo,30704.00
Worlds-2016,Digital Promotions,Gabspot,28990.00
Worlds-2016,Public Relations,Avamba,20295.00
Worlds-2016,Digital Promotions,Browsecat,6898.00
Worlds-2016,Sponsorships,Trilia,35794.00
Worlds-2016,Sales Promotion,Twinder,8332.00
Worlds-2016,Public Relations,Bluezoom,28602.00
Worlds-2016,Digital Promotions,Zooxo,23814.00
Worlds-2016,General Advertising,Brainbox,14970.00
Worlds-2016,Direct Marketing,Divavu,-1538.00
Worlds-2016,Sales Promotion,Feedbug,22298.00
Worlds-2016,Digital Promotions,Jaxworks,16187.00
Worlds-2016,Public Relations,Divape,16181.00
Worlds-2016,General Advertising,Leexo,31526.00
Worlds-2016,Sales Promotion,Twinder,229.00
Worlds-2016,Sponsorships,Trilia,35838.00
Worlds-2016,Digital Promotions,Linkbridge,31977.00
Worlds-2016,Sponsorships,Skyndu,32239.00
Worlds-2016,Sales Promotion,Gigashots,5441.00
Worlds-2016,Sponsorships,Zooxo,178.00
Worlds-2016,Sales Promotion,Realbuzz,30069.00
Worlds-2016,Public Relations,Feednation,15839.00
Worlds-2016,Public Relations,Leexo,27388.00
Worlds-2016,Direct Marketing,Mynte,26673.00
Worlds-2016,Digital Promotions,Skyndu,21937.00
Worlds-2016,Public Relations,Rhyzio,4993.00
Worlds-2016,Sales Promotion,Realbuzz,20441.00
Worlds-2016,Digital Promotions,Babbleopia,25402.00
Worlds-2016,Public Relations,Babbleopia,38266.00
Worlds-2016,Digital Promotions,Browsecat,25696.00
Worlds-2016,General Advertising,Divavu,16205.00
Worlds-2016,Direct Marketing,Shufflebeat,30810.00
Worlds-2016,Public Relations,Flashset,32184.00
Worlds-2016,Digital Promotions,Jaxworks,19360.00
Worlds-2016,Direct Marketing,Avamba,13721.00
Worlds-2016,Public Relations,Mynte,9994.00
Worlds-2016,Direct Marketing,Aimbo,4749.00
Worlds-2016,Digital Promotions,Jaxworks,29547.00
Worlds-2016,Sales Promotion,Browsecat,18515.00
Worlds-2016,Sales Promotion,Zooxo,5504.00
Worlds-2016,Sales Promotion,Gigashots,37020.00
Worlds-2016,Digital Promotions,Browsecat,9439.00
Worlds-2016,Sales Promotion,Tagcat,8904.00
Worlds-2016,Digital Promotions,Mynte,22141.00
Worlds-2016,Digital Promotions,Flashset,16186.00
Worlds-2016,General Advertising,Linkbridge,23977.00
Worlds-2016,Direct Marketing,Shufflebeat,34189.00
Worlds-2016,Direct Marketing,Skyndu,-1130.00
Worlds-2016,Direct Marketing,Skyndu,19545.00
Worlds-2016,Public Relations,Feedbug,6654.00
Worlds-2016,Direct Marketing,Trilia,12534.00
Worlds-2016,Public Relations,Linkbridge,57.00
Worlds-2016,Sponsorships,Podcat,4554.00
Worlds-2016,Direct Marketing,Gabspot,10710.00
Worlds-2016,Public Relations,Podcat,26048.00
Worlds-2016,Public Relations,Wikizz,2512.00
Worlds-2017,General Advertising,Shufflebeat,12536.00
Worlds-2017,Sales Promotion,Zooxo,18355.00
Worlds-2017,Digital Promotions,Zoomdog,3865.00
Worlds-2017,General Advertising,Wikizz,7380.00
Worlds-2017,Direct Marketing,Podcat,31931.00
Worlds-2017,Public Relations,Bluezoom,30967.00
Worlds-2017,Public Relations,Divape,16375.00
Worlds-2017,Sales Promotion,Gabspot,25960.00
Worlds-2017,Digital Promotions,Brainbox,5352.00
Worlds-2017,General Advertising,Dabfeed,14088.00
Worlds-2017,Digital Promotions,Shufflebeat,6497.00
Worlds-2017,Digital Promotions,Linkbridge,9532.00
Worlds-2017,General Advertising,Divavu,20466.00
Worlds-2017,Public Relations,Jazzy,33362.00
Worlds-2017,Sales Promotion,Mynte,4794.00
Worlds-2017,General Advertising,Shufflebeat,18821.00
Worlds-2017,Direct Marketing,Podcat,37385.00
Worlds-2017,Public Relations,Avamba,-2222.00
Worlds-2017,Digital Promotions,Browsecat,23277.00
Worlds-2017,Sales Promotion,Divape,12063.00
Worlds-2017,Sales Promotion,Rhyzio,38755.00
Worlds-2017,Public Relations,Leexo,8845.00
Worlds-2017,Direct Marketing,Aimbo,14840.00
Worlds-2017,Sales Promotion,Twinder,4892.00
Worlds-2017,General Advertising,Divavu,8785.00
Worlds-2017,Sales Promotion,Divavu,7028.00
Worlds-2017,Direct Marketing,Gigashots,12423.00
Worlds-2017,Sales Promotion,Gabspot,5228.00
Worlds-2017,Digital Promotions,Linkbridge,11847.00
Worlds-2017,Public Relations,Feednation,21894.00
Worlds-2017,Direct Marketing,Wikizz,35719.00
Worlds-2017,Public Relations,Leexo,31792.00
Worlds-2017,Sales Promotion,Bluezoom,13541.00
Worlds-2017,Sponsorships,Vinte,24753.00
Worlds-2017,Public Relations,Wikizz,11683.00
Worlds-2017,Sponsorships,Realbuzz,17434.00
Worlds-2017,Public Relations,Wikizz,2023.00
Worlds-2017,General Advertising,Shufflebeat,25361.00
Worlds-2017,Sponsorships,Trilia,24432.00
Worlds-2017,Sponsorships,Babbleopia,10127.00
Worlds-2017,Digital Promotions,Bluezoom,31269.00
Worlds-2017,Sales Promotion,Bluezoom,21643.00
Worlds-2017,Sales Promotion,Gabspot,3139.00
Worlds-2017,Digital Promotions,Skyndu,32764.00
Worlds-2017,Sales Promotion,Rhyzio,31293.00
Worlds-2017,Digital Promotions,Zoomdog,13943.00
Worlds-2017,Public Relations,Mynte,25325.00
Worlds-2017,Public Relations,Wikizz,22828.00
Worlds-2017,Digital Promotions,Divavu,22512.00
Worlds-2017,Sponsorships,Tambee,28675.00
Worlds-2017,Digital Promotions,Vinte,16154.00
Worlds-2017,Sales Promotion,Gabspot,15911.00
Worlds-2017,General Advertising,Bluezoom,2053.00
Worlds-2017,Public Relations,Browsecat,30657.00
Worlds-2017,General Advertising,Zooxo,6743.00
Worlds-2017,General Advertising,Avaveo,23654.00
Worlds-2017,Direct Marketing,Shufflebeat,7707.00
Worlds-2017,Public Relations,Leexo,32769.00
Worlds-2017,General Advertising,Wikizz,37610.00
Worlds-2017,Direct Marketing,Wikizz,22.00
Worlds-2017,Sales Promotion,Tagcat,28409.00
Worlds-2017,Sponsorships,Divape,29544.00
Worlds-2017,Sponsorships,Vinte,17497.00
Worlds-2017,General Advertising,Feednation,24446.00
Worlds-2017,Direct Marketing,Avamba,40843.00
Worlds-2017,Digital Promotions,Gabspot,6270.00
Worlds-2017,Public Relations,Flashset,14258.00
Worlds-2017,Sponsorships,Trilia,31848.00
Worlds-2017,Sponsorships,Dabfeed,8447.00
Worlds-2017,Digital Promotions,Leexo,13837.00
Worlds-2017,Sponsorships,Avaveo,34608.00
Worlds-2017,Sponsorships,Podcat,31972.00
Worlds-2017,Public Relations,Feedbug,34809.00
Worlds-2017,Direct Marketing,Mynte,12721.00
Worlds-2017,Direct Marketing,Skyndu,34353.00
Worlds-2017,Public Relations,Podcat,12262.00
Worlds-2017,General Advertising,Shufflebeat,26180.00
Worlds-2017,Sales Promotion,Jaxworks,33633.00
Worlds-2017,General Advertising,Dabfeed,28970.00
Worlds-2017,Public Relations,Wikizz,14836.00
Worlds-2017,Sponsorships,Dabfeed,22375.00
Worlds-2017,General Advertising,Shufflebeat,39233.00
Worlds-2017,General Advertising,Divavu,11927.00
Worlds-2017,General Advertising,Podcat,27025.00
Worlds-2017,Digital Promotions,Zooxo,6035.00
Worlds-2017,Sales Promotion,Browsecat,21234.00
Worlds-2017,Direct Marketing,Wikizz,23092.00
Worlds-2017,Digital Promotions,Gigashots,-2048.00
Worlds-2017,Digital Promotions,Dabfeed,7918.00
Worlds-2017,Sponsorships,Flashset,2452.00
Worlds-2017,Sponsorships,Wikizz,690.00
Worlds-2017,Direct Marketing,Divavu,30233.00
Worlds-2017,General Advertising,Shufflebeat,266.00
Worlds-2017,General Advertising,Izio,4428.00
Worlds-2017,General Advertising,Mynte,24823.00
Worlds-2017,Direct Marketing,Brainbox,9780.00
Worlds-2017,Digital Promotions,Bluezoom,9767.00
Worlds-2017,Sales Promotion,Dabfeed,14606.00
Worlds-2017,Public Relations,Zoomdog,27894.00
Worlds-2018,Sponsorships,Dabfeed,23084.00
Worlds-2018,Direct Marketing,Zooxo,37274.00
Worlds-2018,General Advertising,Izio,-4230.00
Worlds-2018,Direct Marketing,Skyndu,3392.00
Worlds-2018,Public Relations,Feedbug,25595.00
Worlds-2018,Sponsorships,Wikizz,21436.00
Worlds-2018,Sales Promotion,Gigashots,17613.00
Worlds-2018,Sponsorships,Babbleopia,13688.00
Worlds-2018,Direct Marketing,Shufflebeat,32861.00
Worlds-2018,Direct Marketing,Aimbo,23230.00
Worlds-2018,Public Relations,Wikizz,13595.00
Worlds-2018,Digital Promotions,Divape,956.00
Worlds-2018,Sales Promotion,Gigashots,13560.00
Worlds-2018,Sales Promotion,Realbuzz,1684.00
Worlds-2018,Direct Marketing,Podcat,18984.00
Worlds-2018,Public Relations,Feednation,19953.00
Worlds-2018,Public Relations,Wikizz,14550.00
Worlds-2018,Sales Promotion,Rhyzio,25508.00
Worlds-2018,Sponsorships,Realbuzz,3771.00
Worlds-2018,Sales Promotion,Divape,1587.00
Worlds-2018,Public Relations,Leexo,19916.00
Worlds-2018,Digital Promotions,Trilia,16309.00
Worlds-2018,Public Relations,Browsecat,7596.00
Worlds-2018,Sponsorships,Wikizz,17369.00
Worlds-2018,Sponsorships,Trudeo,28675.00
Worlds-2018,Sales Promotion,Gabspot,1006.00
Worlds-2018,Public Relations,Dabfeed,21361.00
Worlds-2018,Public Relations,Feedbug,-3466.00
Worlds-2018,Digital Promotions,Gigashots,9217.00
Worlds-2018,General Advertising,Wikizz,26419.00
Worlds-2018,Sales Promotion,Gabspot,7235.00
Worlds-2018,Direct Marketing,Wikizz,23456.00
Worlds-2018,Direct Marketing,Mynte,463.00
Worlds-2018,Public Relations,Wikizz,12023.00
Worlds-2018,Direct Marketing,Tambee,9603.00
Worlds-2018,Sales Promotion,Izio,33829.00
Worlds-2018,Public Relations,Divavu,-1640.00
Worlds-2018,Sales Promotion,Zooxo,2670.00
Worlds-2018,Sponsorships,Rhyzio,7276.00
Worlds-2018,Public Relations,Wikizz,30727.00
Worlds-2018,Sales Promotion,Divape,38115.00
Worlds-2018,Sponsorships,Rhyzio,12141.00
Worlds-2018,Digital Promotions,Leexo,18926.00
Worlds-2018,Public Relations,Zoomdog,16026.00
Worlds-2018,Digital Promotions,Gabspot,27873.00
Worlds-2018,Direct Marketing,Shufflebeat,3668.00
Worlds-2018,General Advertising,Feednation,23835.00
Worlds-2018,General Advertising,Avaveo,17689.00
Worlds-2018,Direct Marketing,Shufflebeat,-1556.00
Worlds-2018,Sponsorships,Avaveo,30239.00
Worlds-2018,Public Relations,Leexo,8937.00
Worlds-2018,Sponsorships,Vinte,12459.00
Worlds-2018,Direct Marketing,Wikizz,35248.00
Worlds-2018,Public Relations,Browsecat,33258.00
Worlds-2018,Direct Marketing,Wikizz,550.00
Worlds-2018,Sales Promotion,Feedbug,5012.00
Worlds-2018,Sponsorships,Podcat,3648.00
Worlds-2018,Public Relations,Zoomdog,14303.00
Worlds-2018,Digital Promotions,Babbleopia,15680.00
Worlds-2018,Public Relations,Leexo,-2758.00
Worlds-2018,Public Relations,Divape,-758.00
Worlds-2018,Direct Marketing,Mynte,19180.00
Worlds-2018,Public Relations,Babbleopia,2225.00
Worlds-2018,Direct Marketing,Izio,4807.00
Worlds-2018,Public Relations,Leexo,10712.00
Worlds-2018,Direct Marketing,Aimbo,10423.00
Worlds-2018,Public Relations,Babbleopia,36788.00
Worlds-2018,Sales Promotion,Babbleopia,1276.00
Worlds-2018,Direct Marketing,Leexo,18656.00
Worlds-2018,Sponsorships,Dabfeed,37966.00
Worlds-2018,Sales Promotion,Gabspot,10814.00
Worlds-2018,General Advertising,Feednation,21681.00
Worlds-2018,General Advertising,Izio,24942.00
Worlds-2018,Direct Marketing,Aimbo,11637.00
Worlds-2018,Direct Marketing,Trilia,14708.00
Worlds-2018,Direct Marketing,Wikizz,29766.00
Worlds-2018,Sales Promotion,Jaxworks,35094.00
Worlds-2018,Sales Promotion,Babbleopia,9476.00
Worlds-2018,Sponsorships,Trudeo,20715.00
Worlds-2018,General Advertising,Feednation,28624.00
Worlds-2019,Public Relations,Browsecat,35648.00
Worlds-2019,Sales Promotion,Mynte,31439.00
Worlds-2019,Direct Marketing,Rhyzio,27992.00
Worlds-2019,Direct Marketing,Tambee,27080.00
Worlds-2019,Sales Promotion,Gabspot,28732.00
Worlds-2019,Direct Marketing,Izio,5519.00
Worlds-2019,Sales Promotion,Zooxo,15494.00
Worlds-2019,Public Relations,Rhyzio,757.00
Worlds-2019,General Advertising,Podcat,27436.00
Worlds-2019,Public Relations,Wikizz,28720.00
Worlds-2019,Sales Promotion,Tagcat,16230.00
Worlds-2019,Public Relations,Wikizz,26383.00
Worlds-2019,Digital Promotions,Podcat,8506.00
Worlds-2019,Sponsorships,Tagcat,39155.00
Worlds-2019,Sponsorships,Dabfeed,16141.00
Worlds-2019,Sponsorships,Skyndu,7009.00
Worlds-2019,Digital Promotions,Babbleopia,1509.00
Worlds-2019,Public Relations,Wikizz,37588.00
Worlds-2019,General Advertising,Linkbridge,15948.00
Worlds-2019,Direct Marketing,Zooxo,36314.00
Worlds-2019,Digital Promotions,Bluezoom,15387.00
Worlds-2019,Sponsorships,Divape,36756.00
Worlds-2019,Sponsorships,Bluezoom,12028.00
Worlds-2019,Digital Promotions,Vinte,32855.00
Worlds-2019,Public Relations,Leexo,40669.00
Worlds-2019,Sponsorships,Flashset,9605.00
Worlds-2019,Sales Promotion,Twinder,3163.00
Worlds-2019,Sales Promotion,Tagcat,14077.00
Worlds-2019,Digital Promotions,Gigashots,20080.00
Worlds-2019,Direct Marketing,Wikizz,4165.00
Worlds-2019,Direct Marketing,Tambee,25783.00
Worlds-2019,Sponsorships,Zooxo,3922.00
Worlds-2019,Public Relations,Flashset,24779.00
Worlds-2019,Sales Promotion,Feedbug,13097.00
Worlds-2019,Public Relations,Browsecat,37605.00
Worlds-2019,Public Relations,Wikizz,25570.00
Worlds-2019,General Advertising,Feednation,37405.00
Worlds-2019,Digital Promotions,Jaxworks,27824.00
Worlds-2019,Direct Marketing,Podcat,17889.00
Worlds-2019,Digital Promotions,Divavu,5012.00
Worlds-2019,Public Relations,Bluezoom,34935.00
Worlds-2019,Direct Marketing,Skyndu,3320.00
Worlds-2019,General Advertising,Mynte,4773.00
Worlds-2019,Sponsorships,Wikizz,29643.00
Worlds-2019,Direct Marketing,Brainbox,5098.00
Worlds-2019,Public Relations,Linkbridge,37142.00
Worlds-2019,Sponsorships,Bluezoom,12387.00
Worlds-2019,Digital Promotions,Babbleopia,6179.00
Worlds-2019,General Advertising,Linkbridge,26853.00
Worlds-2019,Sales Promotion,Browsecat,34534.00
Worlds-2019,Public Relations,Leexo,36592.00
Worlds-2019,Sponsorships,Trilia,24528.00
Worlds-2019,Public Relations,Shufflebeat,9524.00
Worlds-2019,Public Relations,Leexo,23498.00
Worlds-2019,Public Relations,Wikizz,22989.00
Worlds-2019,Sponsorships,Tagcat,33470.00
Worlds-2019,Sales Promotion,Zooxo,5438.00
Worlds-2019,Sponsorships,Dabfeed,38733.00
Worlds-2019,Public Relations,Feedbug,21569.00
Worlds-2019,Digital Promotions,Divape,30683.00
Worlds-2019,General Advertising,Shufflebeat,-2530.00
Worlds-2019,General Advertising,Dabfeed,9241.00
Worlds-2019,Digital Promotions,Brainbox,34650.00
Worlds-2019,Public Relations,Jazzy,30404.00
Worlds-2019,Direct Marketing,Skyndu,31308.00
Worlds-2019,Public Relations,Browsecat,25381.00
Worlds-2019,Digital Promotions,Gabspot,24728.00
Worlds-2019,Sales Promotion,Gigashots,29127.00
Worlds-2019,General Advertising,Shufflebeat,16840.00
Worlds-2019,Sales Promotion,Rhyzio,26449.00
Worlds-2019,General Advertising,Wikizz,20056.00
Worlds-2019,Direct Marketing,Zooxo,19722.00
Worlds-2019,Digital Promotions,Dabfeed,31135.00
Worlds-2019,Direct Marketing,Trilia,23603.00
Worlds-2019,General Advertising,Brainbox,26807.00
Worlds-2019,Sponsorships,Divape,30615.00
Worlds-2019,General Advertising,Jazzy,5008.00
Worlds-2019,Digital Promotions,Zooxo,14201.00
Worlds-2019,Sponsorships,Trilia,34457.00
Worlds-2019,Direct Marketing,Mynte,7317.00
Worlds-2019,General Advertising,Linkbridge,21243.00
Worlds-2019,General Advertising,Brainbox,28460.00
Worlds-2019,Direct Marketing,Trilia,24363.00
Worlds-2019,General Advertising,Brainbox,30090.00
Worlds-2019,Direct Marketing,Mynte,31908.00
Worlds-2019,Sponsorships,Tambee,25877.00
Worlds-2019,General Advertising,Shufflebeat,7429.00
Worlds-2019,Sponsorships,Mynte,13162.00
Worlds-2019,Public Relations,Wikizz,2835.00
Worlds-2019,Sales Promotion,Realbuzz,13268.00
Worlds-2019,General Advertising,Jazzy,16231.00
Worlds-2019,Public Relations,Podcat,26370.00
Worlds-2019,Direct Marketing,Wikizz,16041.00
Worlds-2019,Sponsorships,Skyndu,30320.00
Worlds-2020,Sales Promotion,Gabspot,8447.00
Worlds-2020,Direct Marketing,Wikizz,27201.00
Worlds-2020,General Advertising,Shufflebeat,35133.00
Worlds-2020,Direct Marketing,Dabfeed,25226.00
Worlds-2020,Sponsorships,Flashset,16888.00
Worlds-2020,Sales Promotion,Zooxo,9313.00
Worlds-2020,Direct Marketing,Aimbo,19236.00
Worlds-2020,Direct Marketing,Tambee,33112.00
Worlds-2020,Digital Promotions,Trilia,14046.00
Worlds-2020,Sponsorships,Avaveo,24842.00
Worlds-2020,Direct Marketing,Divape,11361.00
Worlds-2020,Sales Promotion,Babbleopia,-1967.00
Worlds-2020,Sponsorships,Feedbug,32539.00
Worlds-2020,Direct Marketing,Mynte,23519.00
Worlds-2020,Sales Promotion,Tagcat,3417.00
Worlds-2020,Public Relations,Rhyzio,22674.00
Worlds-2020,Sponsorships,Feedbug,17828.00
Worlds-2020,Sales Promotion,Dabfeed,928.00
Worlds-2020,General Advertising,Bluezoom,25695.00
Worlds-2020,Direct Marketing,Tambee,20188.00
Worlds-2020,General Advertising,Linkbridge,22195.00
Worlds-2020,Public Relations,Izio,11426.00
Worlds-2020,Public Relations,Feednation,22919.00
Worlds-2020,Direct Marketing,Brainbox,24032.00
Worlds-2020,Public Relations,Feedbug,2946.00
Worlds-2020,Public Relations,Flashset,4967.00
Worlds-2020,Digital Promotions,Dabfeed,27970.00
Worlds-2020,Direct Marketing,Mynte,23931.00
Worlds-2020,General Advertising,Shufflebeat,6058.00
Worlds-2020,Sponsorships,Tambee,8962.00
Worlds-2020,Digital Promotions,Dabfeed,16913.00
Worlds-2020,Direct Marketing,Zooxo,2668.00
Worlds-2020,Public Relations,Browsecat,2346.00
Worlds-2020,General Advertising,Leexo,22951.00
Worlds-2020,Public Relations,Feedbug,2097.00
Worlds-2020,Public Relations,Browsecat,26041.00
Worlds-2020,Direct Marketing,Brainbox,16187.00
Worlds-2020,General Advertising,Bluezoom,22840.00
Worlds-2020,Direct Marketing,Wikizz,31466.00
Worlds-2020,Digital Promotions,Zoomdog,25762.00
Worlds-2020,Digital Promotions,Trilia,13623.00
Worlds-2020,Sponsorships,Rhyzio,31697.00
Worlds-2020,Direct Marketing,Leexo,6847.00
Worlds-2020,General Advertising,Zooxo,25309.00
Worlds-2020,General Advertising,Realbuzz,14037.00
Worlds-2020,Public Relations,Feednation,11754.00
Worlds-2020,Direct Marketing,Browsecat,4740.00
Worlds-2020,Sponsorships,Dabfeed,22397.00
Worlds-2020,Direct Marketing,Brainbox,3370.00
Worlds-2020,General Advertising,Feednation,32491.00
Worlds-2020,General Advertising,Avaveo,3242.00
Worlds-2020,Direct Marketing,Wikizz,11127.00
Worlds-2020,Sales Promotion,Dabfeed,17699.00
Worlds-2020,Sales Promotion,Dabfeed,14177.00
Worlds-2020,Sales Promotion,Realbuzz,6466.00
Worlds-2020,Sponsorships,Tagcat,11617.00
Worlds-2020,General Advertising,Dabfeed,16642.00
Worlds-2020,Public Relations,Wikizz,12286.00
Worlds-2020,Direct Marketing,Wikizz,36086.00
Worlds-2020,Public Relations,Izio,18218.00
Worlds-2020,Sales Promotion,Divape,2148.00
Worlds-2020,Direct Marketing,Podcat,32547.00
Worlds-2020,Public Relations,Divape,38485.00
Worlds-2020,Digital Promotions,Gigashots,22980.00
Worlds-2020,Digital Promotions,Flashset,978.00
Worlds-2020,Direct Marketing,Browsecat,19205.00
Worlds-2020,Digital Promotions,Shufflebeat,33963.00
Worlds-2020,Sponsorships,Tagcat,19710.00
Worlds-2020,General Advertising,Zooxo,31676.00
Worlds-2020,General Advertising,Bluezoom,21553.00
Worlds-2020,Sponsorships,Shufflebeat,27980.00
Worlds-2020,Digital Promotions,Flashset,12312.00
Worlds-2020,Sponsorships,Avaveo,15450.00
Worlds-2020,Direct Marketing,Rhyzio,30016.00
Worlds-2020,Direct Marketing,Trilia,4686.00
Worlds-2020,Direct Marketing,Brainbox,9605.00
Worlds-2020,General Advertising,Avaveo,13590.00
Worlds-2020,General Advertising,Podcat,10688.00
Worlds-2020,Direct Marketing,Skyndu,6232.00
Worlds-2020,Digital Promotions,Gigashots,31072.00
Worlds-2020,Sales Promotion,Realbuzz,13082.00
Worlds-2020,Digital Promotions,Zoomdog,23162.00
Worlds-2020,Public Relations,Bluezoom,5192.00
